AgeGroup,Avg_Likes,Avg_Retweets
Teen,72.25925925925925,26.09259259259259
Adult,66.73809523809524,29.071428571428573
Senior,60.0,27.75
