SentimentCategory,Avg_Likes,Avg_Retweets
Neutral,79.25714285714285,25.714285714285715
Positive,64.29629629629629,27.296296296296298
Negative,64.07894736842105,29.05263157894737
